--
-- PostgreSQL database dump
--

\restrict KjSPODykT7o6jc0nOgtldeJcEFp9c5wwh2joFcDj7CI44MudaLiKNuUzFnlLxfS

-- Dumped from database version 17.8 (a48d9ca)
-- Dumped by pg_dump version 17.9 (Homebrew)

SET statement_timeout = 0;
SET lock_timeout = 0;
SET idle_in_transaction_session_timeout = 0;
SET transaction_timeout = 0;
SET client_encoding = 'UTF8';
SET standard_conforming_strings = on;
SELECT pg_catalog.set_config('search_path', '', false);
SET check_function_bodies = false;
SET xmloption = content;
SET client_min_messages = warning;
SET row_security = off;

--
-- Name: public; Type: SCHEMA; Schema: -; Owner: neondb_owner
--

-- *not* creating schema, since initdb creates it


ALTER SCHEMA public OWNER TO neondb_owner;

--
-- Name: SCHEMA public; Type: COMMENT; Schema: -; Owner: neondb_owner
--

COMMENT ON SCHEMA public IS '';


SET default_tablespace = '';

SET default_table_access_method = heap;

--
-- Name: clinic_service_documents; Type: TABLE; Schema: public; Owner: neondb_owner
--

CREATE TABLE public.clinic_service_documents (
    id integer NOT NULL,
    clinic_service_id character varying NOT NULL,
    doc_name character varying NOT NULL,
    doc_description text,
    url text NOT NULL,
    google_drive_file_id text,
    sort_order integer NOT NULL,
    doc_type character varying NOT NULL,
    created_at timestamp without time zone DEFAULT CURRENT_TIMESTAMP NOT NULL
);


ALTER TABLE public.clinic_service_documents OWNER TO neondb_owner;

--
-- Name: clinic_service_documents_new_id_seq; Type: SEQUENCE; Schema: public; Owner: neondb_owner
--

ALTER TABLE public.clinic_service_documents ALTER COLUMN id ADD GENERATED BY DEFAULT AS IDENTITY (
    SEQUENCE NAME public.clinic_service_documents_new_id_seq
    START WITH 1
    INCREMENT BY 1
    NO MINVALUE
    NO MAXVALUE
    CACHE 1
);


--
-- Name: clinic_services; Type: TABLE; Schema: public; Owner: neondb_owner
--

CREATE TABLE public.clinic_services (
    clinic_service_id character varying(100) NOT NULL,
    clinic_id character varying(100) NOT NULL,
    service_id character varying(100) NOT NULL,
    notes text,
    accepting_referrals boolean DEFAULT true NOT NULL,
    status character varying(50) DEFAULT 'active'::character varying NOT NULL,
    last_verified_at date,
    created_at timestamp without time zone DEFAULT CURRENT_TIMESTAMP NOT NULL,
    updated_at timestamp without time zone DEFAULT CURRENT_TIMESTAMP NOT NULL
);


ALTER TABLE public.clinic_services OWNER TO neondb_owner;

--
-- Name: TABLE clinic_services; Type: COMMENT; Schema: public; Owner: neondb_owner
--

COMMENT ON TABLE public.clinic_services IS 'Canonical clinic-to-service relationship';


--
-- Name: clinics; Type: TABLE; Schema: public; Owner: neondb_owner
--

CREATE TABLE public.clinics (
    clinic_id character varying(100) NOT NULL,
    clinic_key character varying(50) NOT NULL,
    name character varying(255) NOT NULL,
    location_label character varying(255),
    address character varying(500),
    city character varying(100),
    state character varying(50),
    zip character varying(20),
    map_url character varying(500),
    phone character varying(50),
    contact_person character varying(100),
    email character varying(255),
    founded date,
    website character varying(500),
    hours character varying(255),
    accepting_referrals boolean DEFAULT true NOT NULL,
    referral_notes text,
    last_verified_at date,
    tags text[] DEFAULT '{}'::text[] NOT NULL,
    referral_methods text[] DEFAULT '{}'::text[] NOT NULL,
    created_at timestamp without time zone DEFAULT CURRENT_TIMESTAMP NOT NULL,
    updated_at timestamp without time zone DEFAULT CURRENT_TIMESTAMP NOT NULL
);


ALTER TABLE public.clinics OWNER TO neondb_owner;

--
-- Name: TABLE clinics; Type: COMMENT; Schema: public; Owner: neondb_owner
--

COMMENT ON TABLE public.clinics IS 'Canonical clinic directory and clinic-level referral metadata';


--
-- Name: referrals; Type: TABLE; Schema: public; Owner: neondb_owner
--

CREATE TABLE public.referrals (
    id bigint NOT NULL,
    referring_clinic_id character varying(100) NOT NULL,
    receiving_clinic_id character varying(100) NOT NULL,
    clinic_service_id character varying(100) NOT NULL,
    referral_date date NOT NULL,
    referral_time time without time zone NOT NULL,
    status character varying(20) DEFAULT 'sent'::character varying NOT NULL,
    preceptor character varying(255) NOT NULL,
    notes text,
    submitted_at timestamp without time zone NOT NULL,
    created_at timestamp without time zone DEFAULT CURRENT_TIMESTAMP NOT NULL,
    updated_at timestamp without time zone DEFAULT CURRENT_TIMESTAMP NOT NULL,
    CONSTRAINT referrals_status_check CHECK (((status)::text = ANY ((ARRAY['sent'::character varying, 'received'::character varying, 'scheduled'::character varying, 'completed'::character varying])::text[])))
);


ALTER TABLE public.referrals OWNER TO neondb_owner;

--
-- Name: TABLE referrals; Type: COMMENT; Schema: public; Owner: neondb_owner
--

COMMENT ON TABLE public.referrals IS 'Referral tracking linked to clinics and clinic services';


--
-- Name: services; Type: TABLE; Schema: public; Owner: neondb_owner
--

CREATE TABLE public.services (
    service_id character varying(100) NOT NULL,
    display_name character varying(255) NOT NULL,
    description text,
    icon character varying(50),
    service_type character varying(100) NOT NULL,
    created_at timestamp without time zone DEFAULT CURRENT_TIMESTAMP NOT NULL,
    updated_at timestamp without time zone DEFAULT CURRENT_TIMESTAMP NOT NULL
);


ALTER TABLE public.services OWNER TO neondb_owner;

--
-- Name: TABLE services; Type: COMMENT; Schema: public; Owner: neondb_owner
--

COMMENT ON TABLE public.services IS 'Generalized service and specialty categories offered by clinics';


--
-- Name: users; Type: TABLE; Schema: public; Owner: neondb_owner
--

CREATE TABLE public.users (
    id uuid NOT NULL,
    username character varying(255) NOT NULL,
    role character varying(20) NOT NULL,
    clinic_key character varying(50),
    salt character varying(255) NOT NULL,
    password_hash text NOT NULL,
    created_at timestamp without time zone DEFAULT CURRENT_TIMESTAMP NOT NULL,
    updated_at timestamp without time zone DEFAULT CURRENT_TIMESTAMP NOT NULL,
    CONSTRAINT users_role_check CHECK (((role)::text = ANY ((ARRAY['clinic_member'::character varying, 'clinic_admin'::character varying, 'master_admin'::character varying])::text[])))
);


ALTER TABLE public.users OWNER TO neondb_owner;

--
-- Name: TABLE users; Type: COMMENT; Schema: public; Owner: neondb_owner
--

COMMENT ON TABLE public.users IS 'Application users for login and role-based access';


--
-- Data for Name: clinic_service_documents; Type: TABLE DATA; Schema: public; Owner: neondb_owner
--

COPY public.clinic_service_documents (id, clinic_service_id, doc_name, doc_description, url, google_drive_file_id, sort_order, doc_type, created_at) FROM stdin;
6	joan-viteri-memorial-clinic--womens-reproductive-health	Test Document	Test description	https://drive.google.com/file/d/1mAd5UoQhDKgrbkX9nYtY6DiUM_e-BNPO/view?usp=drive_link	1mAd5UoQhDKgrbkX9nYtY6DiUM_e-BNPO	2	form	2026-04-16 06:33:52.796596
8	joan-viteri-memorial-clinic--womens-reproductive-health	IMPORTED Document	1234 This is edited pt 2	https://drive.google.com/file/d/1mAd5UoQhDKgrbkX9nYtY6DiUM_e-BNPO/view?usp=drive_link	1mAd5UoQhDKgrbkX9nYtY6DiUM_e-BNPO	1	auth	2026-04-16 06:44:28.940222
\.


--
-- Data for Name: clinic_services; Type: TABLE DATA; Schema: public; Owner: neondb_owner
--

COPY public.clinic_services (clinic_service_id, clinic_id, service_id, notes, accepting_referrals, status, last_verified_at, created_at, updated_at) FROM stdin;
joan-viteri-memorial-clinic--womens-reproductive-health	joan-viteri-memorial-clinic	womens-reproductive-health	\N	t	active	2026-03-04	2026-04-16 05:43:37.451984	2026-04-16 05:43:37.451984
joan-viteri-memorial-clinic--gender-health	joan-viteri-memorial-clinic	gender-health	\N	t	active	2026-03-04	2026-04-16 05:43:37.451984	2026-04-16 05:43:37.451984
joan-viteri-memorial-clinic--primary-care	joan-viteri-memorial-clinic	primary-care	\N	t	active	2026-03-04	2026-04-16 05:43:37.451984	2026-04-16 05:43:37.451984
joan-viteri-memorial-clinic--dermatology	joan-viteri-memorial-clinic	dermatology	\N	t	active	2026-03-04	2026-04-16 05:43:37.451984	2026-04-16 05:43:37.451984
nadezhda-clinic--womens-reproductive-health	nadezhda-clinic	womens-reproductive-health	\N	t	active	2026-03-05	2026-04-16 05:43:37.451984	2026-04-16 05:43:37.451984
willow-clinic--primary-care	willow-clinic	primary-care	\N	t	active	2026-03-08	2026-04-16 05:43:37.451984	2026-04-16 05:43:37.451984
willow-clinic--mental-behavioral-health	willow-clinic	mental-behavioral-health	\N	t	active	2026-03-08	2026-04-16 05:43:37.451984	2026-04-16 05:43:37.451984
willow-clinic--womens-reproductive-health	willow-clinic	womens-reproductive-health	\N	t	active	2026-03-08	2026-04-16 05:43:37.451984	2026-04-16 05:43:37.451984
willow-clinic--dental	willow-clinic	dental	\N	t	active	2026-03-08	2026-04-16 05:43:37.451984	2026-04-16 05:43:37.451984
willow-clinic--vision-eye-care	willow-clinic	vision-eye-care	\N	t	active	2026-03-08	2026-04-16 05:43:37.451984	2026-04-16 05:43:37.451984
clinica-tepati--dermatology	clinica-tepati	dermatology	\N	t	active	2026-03-22	2026-04-16 05:43:37.451984	2026-04-16 05:43:37.451984
clinica-tepati--gastroenterology	clinica-tepati	gastroenterology	\N	t	active	2026-03-22	2026-04-16 05:43:37.451984	2026-04-16 05:43:37.451984
clinica-tepati--ent	clinica-tepati	ent	\N	t	active	2026-03-22	2026-04-16 05:43:37.451984	2026-04-16 05:43:37.451984
clinica-tepati--vision-eye-care	clinica-tepati	vision-eye-care	\N	t	active	2026-03-22	2026-04-16 05:43:37.451984	2026-04-16 05:43:37.451984
clinica-tepati--womens-reproductive-health	clinica-tepati	womens-reproductive-health	\N	t	active	2026-03-22	2026-04-16 05:43:37.451984	2026-04-16 05:43:37.451984
clinica-tepati--musculoskeletal-rehab	clinica-tepati	musculoskeletal-rehab	\N	t	active	2026-03-22	2026-04-16 05:43:37.451984	2026-04-16 05:43:37.451984
clinica-tepati--cardiology	clinica-tepati	cardiology	\N	t	active	2026-03-22	2026-04-16 05:43:37.451984	2026-04-16 05:43:37.451984
river-clinic--primary-care	river-clinic	primary-care	\N	t	active	2026-03-24	2026-04-16 05:43:37.451984	2026-04-16 05:43:37.451984
river-clinic--pediatrics	river-clinic	pediatrics	\N	t	active	2026-03-24	2026-04-16 05:43:37.451984	2026-04-16 05:43:37.451984
river-clinic--vision-eye-care	river-clinic	vision-eye-care	\N	t	active	2026-03-24	2026-04-16 05:43:37.451984	2026-04-16 05:43:37.451984
river-clinic--community-support-services	river-clinic	community-support-services	\N	t	active	2026-03-24	2026-04-16 05:43:37.451984	2026-04-16 05:43:37.451984
paul-hom-asian-clinic--cardiology	paul-hom-asian-clinic	cardiology	\N	t	active	2026-04-07	2026-04-16 05:43:37.451984	2026-04-16 05:43:37.451984
paul-hom-asian-clinic--musculoskeletal-rehab	paul-hom-asian-clinic	musculoskeletal-rehab	\N	t	active	2026-04-07	2026-04-16 05:43:37.451984	2026-04-16 05:43:37.451984
paul-hom-asian-clinic--community-support-services	paul-hom-asian-clinic	community-support-services	\N	t	active	2026-04-07	2026-04-16 05:43:37.451984	2026-04-16 05:43:37.451984
paul-hom-asian-clinic--gastroenterology	paul-hom-asian-clinic	gastroenterology	\N	t	active	2026-04-07	2026-04-16 05:43:37.451984	2026-04-16 05:43:37.451984
paul-hom-asian-clinic--neurology	paul-hom-asian-clinic	neurology	\N	t	active	2026-04-07	2026-04-16 05:43:37.451984	2026-04-16 05:43:37.451984
paul-hom-asian-clinic--vision-eye-care	paul-hom-asian-clinic	vision-eye-care	\N	t	active	2026-04-07	2026-04-16 05:43:37.451984	2026-04-16 05:43:37.451984
paul-hom-asian-clinic--mental-behavioral-health	paul-hom-asian-clinic	mental-behavioral-health	\N	t	active	2026-04-07	2026-04-16 05:43:37.451984	2026-04-16 05:43:37.451984
paul-hom-asian-clinic--womens-reproductive-health	paul-hom-asian-clinic	womens-reproductive-health	\N	t	active	2026-04-07	2026-04-16 05:43:37.451984	2026-04-16 05:43:37.451984
imani-clinic--cardiology	imani-clinic	cardiology	\N	t	active	2026-04-07	2026-04-16 05:43:37.451984	2026-04-16 05:43:37.451984
imani-clinic--womens-reproductive-health	imani-clinic	womens-reproductive-health	\N	t	active	2026-04-07	2026-04-16 05:43:37.451984	2026-04-16 05:43:37.451984
imani-clinic--gender-health	imani-clinic	gender-health	\N	t	active	2026-04-07	2026-04-16 05:43:37.451984	2026-04-16 05:43:37.451984
imani-clinic--mental-behavioral-health	imani-clinic	mental-behavioral-health	\N	t	active	2026-04-07	2026-04-16 05:43:37.451984	2026-04-16 05:43:37.451984
imani-clinic--community-support-services	imani-clinic	community-support-services	\N	t	active	2026-04-07	2026-04-16 05:43:37.451984	2026-04-16 05:43:37.451984
imani-clinic--vision-eye-care	imani-clinic	vision-eye-care	\N	t	active	2026-04-07	2026-04-16 05:43:37.451984	2026-04-16 05:43:37.451984
imani-clinic--musculoskeletal-rehab	imani-clinic	musculoskeletal-rehab	\N	t	active	2026-04-07	2026-04-16 05:43:37.451984	2026-04-16 05:43:37.451984
imani-clinic--pediatrics	imani-clinic	pediatrics	\N	t	active	2026-04-07	2026-04-16 05:43:37.451984	2026-04-16 05:43:37.451984
\.


--
-- Data for Name: clinics; Type: TABLE DATA; Schema: public; Owner: neondb_owner
--

COPY public.clinics (clinic_id, clinic_key, name, location_label, address, city, state, zip, map_url, phone, contact_person, email, founded, website, hours, accepting_referrals, referral_notes, last_verified_at, tags, referral_methods, created_at, updated_at) FROM stdin;
joan-viteri-memorial-clinic	jvmc	Joan Viteri Memorial Clinic	\N	\N	\N	\N	\N	\N	\N	\N	\N	\N	\N	\N	t	\N	\N	{}	{}	2026-04-16 05:27:16.13076	2026-04-16 05:27:16.13076
nadezhda-clinic	nadezhda	Nadezhda Clinic	\N	\N	\N	\N	\N	\N	\N	\N	\N	\N	\N	\N	t	\N	\N	{}	{}	2026-04-16 05:27:16.13076	2026-04-16 05:27:16.13076
willow-clinic	willow	Willow Clinic	\N	\N	\N	\N	\N	\N	\N	\N	\N	\N	\N	\N	t	\N	\N	{}	{}	2026-04-16 05:27:16.13076	2026-04-16 05:27:16.13076
clinica-tepati	tepati	Clinica Tepati	\N	\N	\N	\N	\N	\N	\N	\N	\N	\N	\N	\N	t	\N	\N	{}	{}	2026-04-16 05:27:16.13076	2026-04-16 05:27:16.13076
river-clinic	river	R.I.V.E.R. Pediatric Clinic	\N	\N	\N	\N	\N	\N	\N	\N	\N	\N	\N	\N	t	\N	\N	{}	{}	2026-04-16 05:27:16.13076	2026-04-16 05:27:16.13076
paul-hom-asian-clinic	phac	Paul Hom Asian Clinic	\N	\N	\N	\N	\N	\N	\N	\N	\N	\N	\N	\N	t	\N	\N	{}	{}	2026-04-16 05:27:16.13076	2026-04-16 05:27:16.13076
imani-clinic	imani	Imani Clinic	\N	\N	\N	\N	\N	\N	\N	\N	\N	\N	\N	\N	t	\N	\N	{}	{}	2026-04-16 05:27:16.13076	2026-04-16 05:27:16.13076
\.


--
-- Data for Name: referrals; Type: TABLE DATA; Schema: public; Owner: neondb_owner
--

COPY public.referrals (id, referring_clinic_id, receiving_clinic_id, clinic_service_id, referral_date, referral_time, status, preceptor, notes, submitted_at, created_at, updated_at) FROM stdin;
\.


--
-- Data for Name: services; Type: TABLE DATA; Schema: public; Owner: neondb_owner
--

COPY public.services (service_id, display_name, description, icon, service_type, created_at, updated_at) FROM stdin;
primary-care	Primary Care	General medical care including routine checkups, chronic disease management, and basic diagnostics.	🏥	clinical	2026-04-16 05:21:45.375134	2026-04-16 05:21:45.375134
womens-reproductive-health	Women's & Reproductive Health	Reproductive care including contraception, pregnancy testing, STI care, and women’s health services.	🌸	clinical	2026-04-16 05:21:45.375134	2026-04-16 05:21:45.375134
gender-health	Gender Health	Gender-affirming care including hormone therapy, counseling, and support services.	🏳️‍🌈	clinical	2026-04-16 05:21:45.375134	2026-04-16 05:21:45.375134
pediatrics	Pediatrics	Healthcare services for children including developmental assessments, vaccines, and physical exams.	👶	clinical	2026-04-16 05:21:45.375134	2026-04-16 05:21:45.375134
mental-behavioral-health	Mental & Behavioral Health	Mental health services including counseling, psychiatry, and behavioral health support.	🧠	clinical	2026-04-16 05:21:45.375134	2026-04-16 05:21:45.375134
dental	Dental	Oral health services including exams, cleanings, and basic dental procedures.	🦷	clinical	2026-04-16 05:21:45.375134	2026-04-16 05:21:45.375134
vision-eye-care	Vision & Eye Care	Eye care services including vision screenings, optometry, and ophthalmology services.	👁️	clinical	2026-04-16 05:21:45.375134	2026-04-16 05:21:45.375134
cardiology	Cardiology	Heart-related care including cardiovascular evaluations, EKGs, and cardiopulmonary assessments.	🫀	clinical	2026-04-16 05:21:45.375134	2026-04-16 05:21:45.375134
dermatology	Dermatology	Skin-related care including wound treatment, abscess drainage, and dermatologic evaluations.	🩹	clinical	2026-04-16 05:21:45.375134	2026-04-16 05:21:45.375134
gastroenterology	Gastroenterology	Digestive system care including liver conditions, hepatitis, and gastrointestinal evaluations.	🫁	clinical	2026-04-16 05:21:45.375134	2026-04-16 05:21:45.375134
ent	ENT	Ear, nose, and throat care including hearing, sinus, and throat-related conditions.	👂	clinical	2026-04-16 05:21:45.375134	2026-04-16 05:21:45.375134
neurology	Neurology	Care for neurological conditions including brain, nerve, and cognitive health.	🧠	clinical	2026-04-16 05:21:45.375134	2026-04-16 05:21:45.375134
musculoskeletal-rehab	Musculoskeletal & Rehabilitation	Care for bones, joints, and muscles including physical rehabilitation and mobility support.	🦴	clinical	2026-04-16 05:21:45.375134	2026-04-16 05:21:45.375134
community-support-services	Community Support Services	Social and support services including health education, outreach, insurance assistance, and resource navigation.	🤝	non_clinical	2026-04-16 05:21:45.375134	2026-04-16 05:21:45.375134
other	Other	Additional or specialized services not covered by standard categories.	📦	non_clinical	2026-04-16 05:21:45.375134	2026-04-16 05:21:45.375134
\.


--
-- Data for Name: users; Type: TABLE DATA; Schema: public; Owner: neondb_owner
--

COPY public.users (id, username, role, clinic_key, salt, password_hash, created_at, updated_at) FROM stdin;
864b9159-86df-41d7-a076-eb0cbcb0c59f	admin	master_admin	tepati	d37420badcc15e5a09dd22da1e7e4431	d9ff98b6e8ee3bfc2a0b706aeb59f6a9839f58c85180054eaaf99bce9d9fe0f905d6ab32fcb83d52fc463bb5b7256b41f48107ef0e418a968b61e115fb5453dd	2026-04-16 00:00:21.47342	2026-04-16 00:00:21.47342
40e81c1f-e7ed-4e72-992c-cdd6f224cb1c	carl	clinic_admin	tepati	1a264f3912f8161a427a02b6d93727a2	1eb4a2d3aa927b9f65abcb24b7197cbdaa2e434e6a8677496eb8d35c172510f247a096c6ab989decce32bd526830e6abbfb40a4e65c40b1b8d6b6c87d1c5a03b	2026-04-16 00:07:10.010245	2026-04-16 00:07:10.010245
\.


--
-- Name: clinic_service_documents_new_id_seq; Type: SEQUENCE SET; Schema: public; Owner: neondb_owner
--

SELECT pg_catalog.setval('public.clinic_service_documents_new_id_seq', 8, true);


--
-- Name: clinic_service_documents clinic_service_documents_new_pkey; Type: CONSTRAINT; Schema: public; Owner: neondb_owner
--

ALTER TABLE ONLY public.clinic_service_documents
    ADD CONSTRAINT clinic_service_documents_new_pkey PRIMARY KEY (id);


--
-- Name: clinic_services clinic_services_clinic_id_service_id_key; Type: CONSTRAINT; Schema: public; Owner: neondb_owner
--

ALTER TABLE ONLY public.clinic_services
    ADD CONSTRAINT clinic_services_clinic_id_service_id_key UNIQUE (clinic_id, service_id);


--
-- Name: clinic_services clinic_services_pkey; Type: CONSTRAINT; Schema: public; Owner: neondb_owner
--

ALTER TABLE ONLY public.clinic_services
    ADD CONSTRAINT clinic_services_pkey PRIMARY KEY (clinic_service_id);


--
-- Name: clinics clinics_clinic_key_key; Type: CONSTRAINT; Schema: public; Owner: neondb_owner
--

ALTER TABLE ONLY public.clinics
    ADD CONSTRAINT clinics_clinic_key_key UNIQUE (clinic_key);


--
-- Name: clinics clinics_pkey; Type: CONSTRAINT; Schema: public; Owner: neondb_owner
--

ALTER TABLE ONLY public.clinics
    ADD CONSTRAINT clinics_pkey PRIMARY KEY (clinic_id);


--
-- Name: referrals referrals_pkey; Type: CONSTRAINT; Schema: public; Owner: neondb_owner
--

ALTER TABLE ONLY public.referrals
    ADD CONSTRAINT referrals_pkey PRIMARY KEY (id);


--
-- Name: services services_display_name_key; Type: CONSTRAINT; Schema: public; Owner: neondb_owner
--

ALTER TABLE ONLY public.services
    ADD CONSTRAINT services_display_name_key UNIQUE (display_name);


--
-- Name: services services_pkey; Type: CONSTRAINT; Schema: public; Owner: neondb_owner
--

ALTER TABLE ONLY public.services
    ADD CONSTRAINT services_pkey PRIMARY KEY (service_id);


--
-- Name: users users_pkey; Type: CONSTRAINT; Schema: public; Owner: neondb_owner
--

ALTER TABLE ONLY public.users
    ADD CONSTRAINT users_pkey PRIMARY KEY (id);


--
-- Name: users users_username_key; Type: CONSTRAINT; Schema: public; Owner: neondb_owner
--

ALTER TABLE ONLY public.users
    ADD CONSTRAINT users_username_key UNIQUE (username);


--
-- Name: clinic_service_documents_sort_idx; Type: INDEX; Schema: public; Owner: neondb_owner
--

CREATE INDEX clinic_service_documents_sort_idx ON public.clinic_service_documents USING btree (clinic_service_id, sort_order, doc_name);


--
-- Name: idx_clinic_services_accepting_referrals; Type: INDEX; Schema: public; Owner: neondb_owner
--

CREATE INDEX idx_clinic_services_accepting_referrals ON public.clinic_services USING btree (accepting_referrals);


--
-- Name: idx_clinic_services_clinic_id; Type: INDEX; Schema: public; Owner: neondb_owner
--

CREATE INDEX idx_clinic_services_clinic_id ON public.clinic_services USING btree (clinic_id);


--
-- Name: idx_clinic_services_service_id; Type: INDEX; Schema: public; Owner: neondb_owner
--

CREATE INDEX idx_clinic_services_service_id ON public.clinic_services USING btree (service_id);


--
-- Name: idx_clinic_services_status; Type: INDEX; Schema: public; Owner: neondb_owner
--

CREATE INDEX idx_clinic_services_status ON public.clinic_services USING btree (status);


--
-- Name: idx_clinics_accepting_referrals; Type: INDEX; Schema: public; Owner: neondb_owner
--

CREATE INDEX idx_clinics_accepting_referrals ON public.clinics USING btree (accepting_referrals);


--
-- Name: idx_clinics_clinic_key; Type: INDEX; Schema: public; Owner: neondb_owner
--

CREATE INDEX idx_clinics_clinic_key ON public.clinics USING btree (clinic_key);


--
-- Name: idx_clinics_name; Type: INDEX; Schema: public; Owner: neondb_owner
--

CREATE INDEX idx_clinics_name ON public.clinics USING btree (name);


--
-- Name: idx_clinics_tags; Type: INDEX; Schema: public; Owner: neondb_owner
--

CREATE INDEX idx_clinics_tags ON public.clinics USING gin (tags);


--
-- Name: idx_referrals_clinic_service_id; Type: INDEX; Schema: public; Owner: neondb_owner
--

CREATE INDEX idx_referrals_clinic_service_id ON public.referrals USING btree (clinic_service_id);


--
-- Name: idx_referrals_receiving_clinic_id; Type: INDEX; Schema: public; Owner: neondb_owner
--

CREATE INDEX idx_referrals_receiving_clinic_id ON public.referrals USING btree (receiving_clinic_id);


--
-- Name: idx_referrals_referral_date; Type: INDEX; Schema: public; Owner: neondb_owner
--

CREATE INDEX idx_referrals_referral_date ON public.referrals USING btree (referral_date);


--
-- Name: idx_referrals_referring_clinic_id; Type: INDEX; Schema: public; Owner: neondb_owner
--

CREATE INDEX idx_referrals_referring_clinic_id ON public.referrals USING btree (referring_clinic_id);


--
-- Name: idx_referrals_status; Type: INDEX; Schema: public; Owner: neondb_owner
--

CREATE INDEX idx_referrals_status ON public.referrals USING btree (status);


--
-- Name: idx_referrals_submitted_at; Type: INDEX; Schema: public; Owner: neondb_owner
--

CREATE INDEX idx_referrals_submitted_at ON public.referrals USING btree (submitted_at DESC);


--
-- Name: idx_services_display_name; Type: INDEX; Schema: public; Owner: neondb_owner
--

CREATE INDEX idx_services_display_name ON public.services USING btree (display_name);


--
-- Name: idx_services_service_type; Type: INDEX; Schema: public; Owner: neondb_owner
--

CREATE INDEX idx_services_service_type ON public.services USING btree (service_type);


--
-- Name: idx_users_clinic_key; Type: INDEX; Schema: public; Owner: neondb_owner
--

CREATE INDEX idx_users_clinic_key ON public.users USING btree (clinic_key);


--
-- Name: idx_users_role; Type: INDEX; Schema: public; Owner: neondb_owner
--

CREATE INDEX idx_users_role ON public.users USING btree (role);


--
-- Name: idx_users_username; Type: INDEX; Schema: public; Owner: neondb_owner
--

CREATE INDEX idx_users_username ON public.users USING btree (username);


--
-- Name: clinic_services clinic_services_clinic_id_fkey; Type: FK CONSTRAINT; Schema: public; Owner: neondb_owner
--

ALTER TABLE ONLY public.clinic_services
    ADD CONSTRAINT clinic_services_clinic_id_fkey FOREIGN KEY (clinic_id) REFERENCES public.clinics(clinic_id) ON DELETE CASCADE;


--
-- Name: clinic_services clinic_services_service_id_fkey; Type: FK CONSTRAINT; Schema: public; Owner: neondb_owner
--

ALTER TABLE ONLY public.clinic_services
    ADD CONSTRAINT clinic_services_service_id_fkey FOREIGN KEY (service_id) REFERENCES public.services(service_id) ON DELETE CASCADE;


--
-- Name: referrals referrals_clinic_service_id_fkey; Type: FK CONSTRAINT; Schema: public; Owner: neondb_owner
--

ALTER TABLE ONLY public.referrals
    ADD CONSTRAINT referrals_clinic_service_id_fkey FOREIGN KEY (clinic_service_id) REFERENCES public.clinic_services(clinic_service_id) ON UPDATE CASCADE ON DELETE RESTRICT;


--
-- Name: referrals referrals_receiving_clinic_id_fkey; Type: FK CONSTRAINT; Schema: public; Owner: neondb_owner
--

ALTER TABLE ONLY public.referrals
    ADD CONSTRAINT referrals_receiving_clinic_id_fkey FOREIGN KEY (receiving_clinic_id) REFERENCES public.clinics(clinic_id) ON UPDATE CASCADE ON DELETE RESTRICT;


--
-- Name: referrals referrals_referring_clinic_id_fkey; Type: FK CONSTRAINT; Schema: public; Owner: neondb_owner
--

ALTER TABLE ONLY public.referrals
    ADD CONSTRAINT referrals_referring_clinic_id_fkey FOREIGN KEY (referring_clinic_id) REFERENCES public.clinics(clinic_id) ON UPDATE CASCADE ON DELETE RESTRICT;


--
-- Name: users users_clinic_key_fkey; Type: FK CONSTRAINT; Schema: public; Owner: neondb_owner
--

ALTER TABLE ONLY public.users
    ADD CONSTRAINT users_clinic_key_fkey FOREIGN KEY (clinic_key) REFERENCES public.clinics(clinic_key) ON UPDATE CASCADE ON DELETE SET NULL;


--
-- Name: SCHEMA public; Type: ACL; Schema: -; Owner: neondb_owner
--

REVOKE USAGE ON SCHEMA public FROM PUBLIC;


--
-- Name: DEFAULT PRIVILEGES FOR SEQUENCES; Type: DEFAULT ACL; Schema: public; Owner: cloud_admin
--

ALTER DEFAULT PRIVILEGES FOR ROLE cloud_admin IN SCHEMA public GRANT ALL ON SEQUENCES TO neon_superuser WITH GRANT OPTION;


--
-- Name: DEFAULT PRIVILEGES FOR TABLES; Type: DEFAULT ACL; Schema: public; Owner: cloud_admin
--

ALTER DEFAULT PRIVILEGES FOR ROLE cloud_admin IN SCHEMA public GRANT ALL ON TABLES TO neon_superuser WITH GRANT OPTION;


--
-- PostgreSQL database dump complete
--

\unrestrict KjSPODykT7o6jc0nOgtldeJcEFp9c5wwh2joFcDj7CI44MudaLiKNuUzFnlLxfS

